,skill,count
0,architecture,123
1,database,483
2,intelligence,99
3,data,5408
4,visualization,129
5,microsoft,186
6,digital,110
7,platforms,183
8,reporting,532
9,web,106
10,clear,63
11,communication,704
12,skills,1666
13,models,339
14,strategy,156
15,advanced,345
16,analytics,614
17,engagements,29
18,documentation,296
19,framework,33
20,project,582
21,interpret,59
22,leadership,227
23,modeling,188
24,other,1422
25,fraud,24
26,health,391
27,python,307
28,ecosystem,21
29,hadoop,32
30,debugging,16
31,transformation,24
32,record,103
33,collaboration,154
34,agile,221
35,contribute,84
36,algorithms,116
37,underwriting,16
38,ad-hoc,131
39,learning,539
40,completion,184
41,mathematics,33
42,cas,3
43,c,13
44,insurance,92
45,office,259
46,management,1032
47,training,377
48,family,17
49,options,52
50,workplace,19
51,compensation,25
52,pension,57
53,fitness,12
54,organization,246
55,technology,534
56,boundaries,3
57,offers,18
58,projects,712
59,range,59
60,actuaries,4
61,datasets,78
62,merge,3
63,code,160
64,indicators,17
65,informatics,10
66,statistics,67
67,design,650
68,mining,59
69,segmentation,11
70,customer,480
71,research,608
72,writing,210
73,languages,229
74,one,166
75,software,839
76,sql,797
77,dashboards,159
78,tableau,244
79,troubleshooting,252
80,apache,20
81,spark,44
82,french,28
83,conducting,49
84,metrics,87
85,etl,107
86,pandas,100
87,basic,58
88,classification,6
89,context,17
90,git,22
91,investments,4
92,teams,647
93,trading,13
94,databases,167
95,presentations,67
96,it,457
97,confidentiality,13
98,gatekeeper,1
99,security,112
100,hive,24
101,concepts,120
102,retail,43
103,focus,111
104,components,56
105,enterprise,253
106,player,55
107,discount,7
108,ownership,35
109,assessment,143
110,schedules,20
111,scheduling,21
112,visit,1
113,ecrf,1
114,protocol,72
115,processing,224
116,administrative,50
117,ethics,13
118,trials,19
119,ccrp,1
120,pressure,63
121,phlebotomy,3
122,venipuncture,1
123,iata,1
124,shipping,13
125,operations,368
126,timelines,138
127,availability,135
128,cloud,294
129,premises,101
130,proof,109
131,developers,132
132,engineers,146
133,building,302
134,olap,103
135,foundations,8
136,general,61
137,go,133
138,conferences,7
139,publishing,16
140,edge,13
141,incentives,3
142,stem,17
143,nosql,28
144,c++,25
145,scripting,73
146,unix,7
147,optimization,68
148,principles,272
149,drive,157
150,massive,9
151,store,16
152,computing,70
153,testing,383
154,application,206
155,acceleration,3
156,case,119
157,infrastructure,310
158,normalization,3
159,maintenance,391
160,preparation,262
161,revenue,28
162,valuation,13
163,scenario,5
164,output,13
165,sas,40
166,aml,2
167,credit,66
168,telecommunications,9
169,utilities,13
170,physics,10
171,contractors,6
172,validation,282
173,deviations,16
174,auditing,8
175,compounding,1
176,validity,3
177,access,90
178,netsuite,101
179,inform,45
180,regulations,203
181,integration,243
182,structures,65
183,prime,18
184,readiness,23
185,sustainment,14
186,vendors,55
187,prototype,23
188,aws,81
189,forecasting,25
190,excel,225
191,powerpoint,49
192,coaching,52
193,performing,41
194,piloting,2
195,evolution,10
196,benchmarking,10
197,conflict,27
198,bioequivalence,44
199,directives,50
200,clinic,52
201,initiation,51
202,healthcare,73
203,multitasking,45
204,automotive,104
205,bonus,138
206,efficacy,100
207,calibration,111
208,manufacturing,149
209,chemistry,214
210,dissolution,100
211,instrumentation,117
212,risk,252
213,conductivity,6
214,uv,3
215,reagents,7
216,records,72
217,micropipette,3
218,instructions,10
219,pipelines,145
220,mysql,10
221,workbench,1
222,interpreting,18
223,reliability,24
224,window,3
225,command,20
226,google,162
227,omniture,1
228,css,13
229,html,9
230,teaching,18
231,tags,1
232,logging,2
233,fundamentals,39
234,devops,25
235,javascript,18
236,online,51
237,addition,18
238,bayesian,5
239,urgency,9
240,waiting,6
241,snacks,29
242,coffee,12
243,desserts,4
244,lunch,20
245,ping,15
246,estimates,17
247,r,52
248,bus,3
249,prototyping,5
250,deliverables,76
251,mandates,2
252,developments,25
253,groups,49
254,nlp,18
255,salary,38
256,draft,7
257,procurement,15
258,relief,2
259,editing,14
260,passenger,2
261,accessibility,10
262,barriers,7
263,commitments,8
264,disabilities,5
265,discrimination,3
266,rights,11
267,calculations,12
268,compilation,7
269,measures,24
270,briefing,9
271,word,35
272,economics,13
273,calculus,4
274,vectors,1
275,biology,7
276,load,26
277,pipeline,33
278,resolve,108
279,specifications,65
280,steps,12
281,happiness,5
282,balance,37
283,disinfection,1
284,fit,9
285,leaf,1
286,maple,2
287,alteryx,2
288,plus,95
289,moneris,2
290,elements,21
291,materials,90
292,infographics,1
293,creativity,16
294,linguistics,1
295,reinforcement,9
296,mrc,1
297,ideal,12
298,prediction,3
299,video,15
300,ml,31
301,probability,8
302,java,56
303,accountability,25
304,form,24
305,numbers,5
306,sap,64
307,packaging,16
308,disposal,4
309,glassware,6
310,waste,6
311,features,139
312,communications,169
313,concrete,97
314,space,19
315,cluster,5
316,reviews,52
317,translation,12
318,investment,29
319,engage,47
320,construction,18
321,cfr,2
322,tpd,1
323,physiology,1
324,rehabilitation,4
325,partnerships,14
326,travel,91
327,events,68
328,symposia,1
329,purchasing,8
330,horses,1
331,prospect,4
332,base,37
333,diplomacy,6
334,teamwork,20
335,decision-making,17
336,resume,11
337,credentials,5
338,consideration,6
339,onboarding,14
340,volatility,1
341,yield,2
342,c#,17
343,derivatives,2
344,map,15
345,scrum,24
346,games,14
347,outings,9
348,foundation,17
349,dashboard,21
350,mobile,32
351,app,11
352,interview,11
353,committees,8
354,adobe,36
355,survey,22
356,medicine,9
357,oats,2
358,solver,11
359,capital,38
360,finance,47
361,energy,33
362,frame,1
363,deals,3
364,econometrics,1
365,mentoring,42
366,campus,6
367,sustainability,16
368,qlik,4
369,oversight,22
370,road,8
371,capture,23
372,pattern,12
373,government,38
374,paper,2
375,figures,7
376,payments,11
377,award,17
378,confirmation,4
379,public,80
380,premier,2
381,au,8
382,programmes,2
383,english,47
384,excess,2
385,passport,3
386,suppliers,19
387,status,55
388,suite,47
389,screening,14
390,synthesis,12
391,kanban,5
392,matrix,17
393,iterative,6
394,reach,11
395,scientists,38
396,turn,6
397,programmers,7
398,liaison,22
399,matching,24
400,email,20
401,filing,9
402,self-management,1
403,expenses,5
404,trace,2
405,technologists,5
406,eligibility,13
407,internet,15
408,bending,1
409,devices,18
410,checks,17
411,tso,3
412,hiring,10
413,pay,10
414,union,10
415,recruiting,7
416,oncology,9
417,literature,15
418,summaries,14
419,tone,3
420,biochemistry,6
421,molecular,6
422,guides,3
423,shape,18
424,signal,6
425,storytelling,6
426,abatement,2
427,legislation,13
428,observation,2
429,crystal,4
430,workshops,20
431,visio,9
432,mammalian,1
433,dna,2
434,immunofluorescence,1
435,microscopy,3
436,macintosh,1
437,windows,26
438,biohazard,1
439,chemicals,1
440,provision,8
441,mapreduce,3
442,instructors,2
443,lessons,4
444,transportation,13
445,codes,10
446,adherence,27
447,infection,4
448,prevention,18
449,vs,2
450,gas,2
451,greenhouse,2
452,supply,30
453,voluntary,2
454,cooperative,4
455,ion,1
456,instrumental,6
457,showcase,5
458,functionality,17
459,particular,11
460,money,3
461,cafeteria,3
462,brush,1
463,registration,6
464,typing,4
465,terminology,5
466,cash,17
467,flow,35
468,root,38
469,enrichment,2
470,automation,73
471,consolidation,5
472,interfaces,13
473,draw,13
474,telecom,4
475,drawing,5
476,feeds,3
477,enterpriseone,1
478,hyperion,5
479,cdc,2
480,coolers,1
481,parks,1
482,water,18
483,surveillance,6
484,referrals,5
485,surface,6
486,pest,2
487,gps,1
488,inspectors,1
489,vector,5
490,bacteriology,1
491,collating,3
492,utilization,13
493,print,7
494,publications,12
495,archives,2
496,gis,4
497,grasp,12
498,vulnerability,2
499,acting,9
500,diagrams,5
501,workflow,24
502,dictionaries,4
503,microstrategy,5
504,teradata,4
505,interfacing,2
506,mediums,3
507,playbook,3
508,ae,3
509,entrepreneurs,3
510,intermediate,19
511,iso,15
512,vdi,2
513,lamp,7
514,stack,22
515,schemas,5
516,kafka,13
517,bash,10
518,docker,20
519,virtualization,10
520,snowflake,3
521,live,16
522,mock,2
523,recalls,2
524,gfsi,1
525,solution-oriented,1
526,cpg,3
527,aircraft,2
528,agents,9
529,aerospace,3
530,rest,28
531,membership,27
532,bonuses,14
533,enquiries,3
534,synthesizing,4
535,discretion,7
536,escalation,13
537,outlook,9
538,metadata,16
539,e-commerce,4
540,ota,1
541,downtown,26
542,cart,3
543,subsidies,3
544,showers,3
545,storage,26
546,framing,2
547,gamification,6
548,crm,19
549,dynamics,12
550,scheme,8
551,parking,38
552,gym,23
553,salesforce,16
554,pipes,1
555,wire,1
556,wraps,1
557,pipe,1
558,apparel,3
559,participation,32
560,apps,5
561,clarity,4
562,figma,1
563,ux,9
564,optimizely,1
565,timing,4
566,investigation,20
567,scala,11
568,authorization,3
569,sponsorship,14
570,photoshop,5
571,layout,4
572,step,4
573,universities,2
574,fleet,2
575,outdoors,2
576,weather,3
577,embedded,16
578,firmware,8
579,standards-based,2
580,gnu,4
581,linux,29
582,eclipse,3
583,systemverilog,2
584,chinese,5
585,mandarin,5
586,cleansing,21
587,bridge,6
588,gap,10
589,story,4
590,adoption,24
591,express,5
592,saas,21
593,keras,3
594,psychology,5
595,productivity,17
596,netezza,4
597,itil,11
598,servicenow,8
599,epic,6
600,conventions,4
601,writers,1
602,willow,1
603,probe,3
604,builders,4
605,fusion,2
606,pdf,6
607,politics,4
608,steering,5
609,intellectual,5
610,sqoop,2
611,wealth,11
612,ibm,16
613,search,14
614,qlikview,2
615,taxonomy,2
616,scratch,3
617,spotfire,2
618,facilitation,13
619,jira,11
620,transparency,8
621,psm,1
622,bioinformatics,5
623,postgresql,12
624,manuals,6
625,payroll,8
626,deliveries,7
627,mail,7
628,designation,32
629,lake,8
630,azure,32
631,signs,1
632,start-ups,1
633,mrm,8
634,sourcing,4
635,connect,16
636,articulate,23
637,writer,1
638,statistica,1
639,notes,8
640,institutional,8
641,sampling,11
642,cooperation,4
643,personalization,4
644,elasticsearch,4
645,factoring,1
646,mechanisms,6
647,cadence,4
648,looker,3
649,node.js,7
650,negotiation,16
651,polymers,1
652,bioplastics,4
653,purification,7
654,polymer,3
655,biomass,1
656,characterization,10
657,tga,3
658,modifications,13
659,captivate,1
660,viability,6
661,running,16
662,protection,26
663,signing,5
664,fostering,11
665,coe,1
666,landscape,7
667,socio-economic,1
668,routing,7
669,switching,3
670,wireless,9
671,ecommerce,13
672,banners,4
673,cisco,16
674,fortinet,3
675,riverbed,2
676,ssl,2
677,shopping,1
678,voip,2
679,controllers,1
680,solarwinds,2
681,macro,2
682,investors,2
683,spectrum,5
684,oracle,39
685,savings,15
686,tuning,20
687,hana,15
688,transformations,3
689,messaging,5
690,rabbitmq,3
691,cloudera,2
692,containerization,4
693,fact,2
694,posture,3
695,cqi,2
696,forms,29
697,offshore,8
698,tibco,3
699,agility,5
700,rollout,4
701,ropes,1
702,xactly,6
703,toolkit,2
704,newsletters,3
705,fruit,4
706,manuscript,3
707,affinity,3
708,suggestions,10
709,realism,2
710,opengl,2
711,closure,5
712,budgeting,16
713,milestones,9
714,demand,15
715,ip,13
716,c-level,4
717,s3,5
718,,9
719,perl,11
720,obiee,2
721,hub,5
722,cubicles,2
723,spaces,5
724,walls,2
725,celebrations,2
726,robotics,4
727,procedural,9
728,timesheet,2
729,listings,6
730,authentication,2
731,wellness,33
732,transformational,4
733,amazon,17
734,unity,1
735,permissions,3
736,affiliates,4
737,convenience,5
738,lcl,5
739,mitigation,4
740,value-added,5
741,ops,7
742,cassandra,4
743,p&c,5
744,promotional,7
745,finish,11
746,seasonal,1
747,collateral,4
748,graphics,5
749,fonts,1
750,directors,2
751,mastery,7
752,pre-press,1
753,printing,2
754,wordpress,2
755,php,3
756,wsib,3
757,angular,6
758,maven,2
759,npm,1
760,mockups,2
761,led,6
762,pages,3
763,urban,2
764,evaluations,2
765,sharepoint,19
766,aoda,1
767,usability,8
768,formulation,5
769,dexterity,1
770,hygiene,2
771,assembly,5
772,forest,1
773,triage,8
774,graphing,2
775,caregivers,1
776,autism,5
777,childhood,2
778,children,6
779,liability,10
780,multi-platform,4
781,github,3
782,floors,6
783,patios,6
784,golf,6
785,foosball,9
786,interoperability,2
787,prompt,4
788,xml,6
789,perseverant,2
790,box,2
791,history,6
792,decks,4
793,cron,2
794,dbt,2
795,b2b,4
796,interventions,4
797,renewals,1
798,stomp,1
799,ee,1
800,articles,3
801,retreats,2
802,ftp,2
803,cards,3
804,disk,4
805,dos,3
806,mac,5
807,film,2
808,television,2
809,slack,3
810,ticketing,4
811,connectivity,6
812,a+,4
813,resolutions,4
814,diagnose,6
815,sequencing,3
816,integrative,1
817,sc,1
818,genomics,1
819,forwards,3
820,rx,3
821,formulary,1
822,climate,2
823,ease,8
824,indeed,2
825,linkedin,5
826,platinum,2
827,shares,3
828,studio,10
829,typescript,3
830,blueprint,2
831,cubes,1
832,esb,1
833,event-driven,3
834,bitbucket,3
835,campaigns,12
836,spa,9
837,client-focused,3
838,mongodb,4
839,cs,6
840,kubernetes,12
841,foot,2
842,relocation,2
843,wired,2
844,glass,2
845,spss,5
846,craft,7
847,forefront,4
848,airflow,5
849,astm,2
850,scipy,2
851,rtc,1
852,ged,2
853,openness,3
854,adjustments,7
855,agenda,4
856,extensions,2
857,sdtm,12
858,biostatistics,3
859,ema,2
860,journals,1
861,literacy,3
862,winforms,1
863,telerik,1
864,scalability,15
865,speech,15
866,veeva,1
867,launches,6
868,contingency,5
869,branding,2
870,star,5
871,closures,2
872,art,5
873,tax,9
874,export,2
875,shopify,2
876,docs,1
877,rally,2
878,autodesk,1
879,pick,6
880,tech-savvy,1
881,testability,2
882,combinatorics,1
883,adaptation,1
884,mechatronics,2
885,shock,2
886,suspension,6
887,revisions,4
888,commissioning,5
889,sensors,2
890,labview,2
891,cad,3
892,circuits,3
893,mechanics,3
894,binders,1
895,checklists,1
896,requisitions,3
897,paperwork,4
898,gmp,14
899,chromatography,1
900,electrophoresis,1
901,weightlifting,1
902,mesh,2
903,coordinators,2
904,glm,1
905,delegation,2
906,consultation,10
907,perspectives,6
908,api,24
909,isolation,3
910,cabling,1
911,peripherals,3
912,suitability,5
913,less,6
914,openstack,1
915,openshift,1
916,cucumber,1
917,tweaking,1
918,cli,1
919,default,1
920,xslt,1
921,automata,1
922,relevance,4
923,microservices,7
924,modernization,1
925,architects,9
926,refactoring,3
927,transactional,8
928,maintainability,3
929,json,6
930,microbiology,4
931,contamination,1
932,productization,5
933,meditation,2
934,yoga,9
935,opencv,2
936,ruby,3
937,groovy,2
938,jenkins,5
939,formulas,3
940,lists,5
941,openings,2
942,contractual,5
943,ul,2
944,merchandising,3
945,nielsen,1
946,air,2
947,kpi,12
948,artifacts,15
949,schema,12
950,listen,5
951,team-focused,2
952,impurities,1
953,icp-oes,3
954,kyc,5
955,remediation,6
956,neo4j,1
957,facebook,4
958,vaccines,1
959,stat,1
960,discrete,1
961,sensitivity,2
962,prescription,4
963,profiles,3
964,crest,1
965,spreadsheets,3
966,kofax,1
967,traders,1
968,migrating,4
969,mariadb,2
970,acrobat,1
971,multi-functional,1
972,connections,3
973,her,2
974,his,4
975,philosophy,2
976,insync,1
977,mailboxes,1
978,couriers,2
979,scanning,2
980,walkthroughs,1
981,middleware,6
982,tactics,5
983,stewardship,8
984,spring,10
985,sequel,1
986,narrative,2
987,dissemination,5
988,redis,2
989,matlab,4
990,lgd,1
991,quantification,2
992,bootstrapping,1
993,hris,2
994,anti-oppression,2
995,unbiased,1
996,hcp,1
997,remarketing,1
998,funding,13
999,approvals,4
1000,invoicing,1
1001,photo,2
1002,kol,1
1003,localization,2
1004,gateway,2
1005,commentaries,1
1006,gears,1
1007,mocha,1
1008,orchestration,4
1009,rdbms,7
1010,venue,2
1011,allocations,2
1012,rfp,2
1013,empower,12
1014,settlement,4
1015,kinesiology,2
1016,adjudication,3
1017,flex,5
1018,specs,2
1019,comp,3
1020,transceivers,1
1021,greenplum,1
1022,eclectic,1
1023,ifrs,7
1024,meals,2
1025,workspace,1
1026,high-end,2
1027,internetworking,2
1028,switches,2
1029,nexus,1
1030,ccnp,2
1031,sizing,1
1032,talend,3
1033,streams,3
1034,marketo,1
1035,cmo,1
1036,ladder,2
1037,progression,3
1038,numpy,3
1039,django,2
1040,flask,2
1041,gan,1
1042,scikit-learn,7
1043,solr,1
1044,donations,4
1045,crfs,1
1046,biotechnology,3
1047,classic,8
1048,cc,1
1049,html5,1
1050,simulations,2
1051,direct3d,1
1052,bar,1
1053,tea,1
1054,tutorials,1
1055,brokerage,2
1056,qualtrics,3
1057,d3.js,1
1058,instruction,2
1059,etiquette,1
1060,workday,5
1061,breakdown,3
1062,pmi,1
1063,persuasion,4
1064,independence,3
1065,cebs,2
1066,bilingualism,3
1067,gitlab,2
1068,jmp,1
1069,gxp,3
1070,compromise,2
1071,kobo,2
1072,seo,8
1073,photography,3
1074,broadband,5
1075,positioning,2
1076,sports,5
1077,seating,1
1078,subsidiaries,1
1079,rolling,5
1080,apics,2
1081,scorecard,3
1082,accessioning,1
1083,oma,1
1084,lightspeed,1
1085,parse,1
1086,geometry,1
1087,cascade,2
1088,linkage,3
1089,surfacing,2
1090,soap,3
1091,dell,1
1092,boot,2
1093,diet,1
1094,officers,1
1095,philanthropy,5
1096,fundraising,11
1097,donors,6
1098,conservation,1
1099,cultivation,1
1100,solicitation,2
1101,cfre,1
1102,kimball,1
1103,pl/sql,5
1104,periscope,1
1105,geology,1
1106,diversification,1
1107,rfm,1
1108,tsys,1
1109,versioning,1
1110,a&p,2
1111,cbp,1
1112,pop,2
1113,ratings,4
1114,t&e,1
1115,replication,5
1116,cytometry,5
1117,icp-ms,5
1118,immunology,2
1119,tissue,7
1120,fcs,2
1121,exceptions,3
1122,transcription,1
1123,notification,2
1124,react.js,1
1125,g2,2
1126,cardiology,3
1127,raid,2
1128,mosaics,2
1129,instagram,1
1130,twitter,1
1131,youtube,1
1132,electronics,2
1133,categorization,1
1134,commodity,1
1135,rfx,4
1136,volunteering,1
1137,pharmacovigilance,3
1138,pv,6
1139,psurs,1
1140,mdr,1
1141,statutes,2
1142,client/server,1
1143,impax,1
1144,dicom,1
1145,forwarding,2
1146,oos,5
1147,returns,3
1148,sme,2
1149,synergies,2
1150,harvesting,1
1151,washing,3
1152,smarts,2
1153,asp.net,2
1154,entrepreneurship,1
1155,servers,7
1156,antivirus,2
1157,firewalls,3
1158,incorporation,3
1159,chart,3
1160,epr,1
1161,cap,1
1162,architecting,8
1163,commission,1
1164,nuclear,1
1165,pmp,5
1166,prognosis,1
1167,geochemistry,3
1168,corrections,4
1169,posix,1
1170,xp,3
1171,hacking,1
1172,cp,2
1173,mws,1
1174,cross-training,1
1175,resiliency,2
1176,selenium,1
1177,android,9
1178,espresso,1
1179,ios,3
1180,ci,4
1181,hp,2
1182,techno-functional,1
1183,appeals,1
1184,pre-sales,6
1185,graphs,2
1186,latin,2
1187,s&p,2
1188,oil,1
1189,repository,2
1190,blockchain,2
1191,co-ops,1
1192,spanish,2
1193,themes,3
1194,earthworks,2
1195,kt,7
1196,accreditation,2
1197,charity,1
1198,vascular,1
1199,e-learning,1
1200,birth,4
1201,soccer,4
1202,beer,5
1203,parsing,1
1204,histograms,1
1205,sheets,4
1206,superintendents,3
1207,expressions,2
1208,submittals,1
1209,ids,1
1210,landfill,1
1211,tender,2
1212,nav,1
1213,trimble,1
1214,entitlements,2
1215,pars,1
1216,cse,1
1217,facts,2
1218,dax,1
1219,divestitures,1
1220,acquisitions,1
1221,vee,1
1222,confluence,2
1223,one-on-one,2
1224,randomization,2
1225,color,2
1226,fisher,2
1227,super-resolution,2
1228,arcgis,1
1229,esri,1
1230,maps,4
1231,peer-to-peer,1
1232,anti-spam,1
1233,charities,1
1234,blackbaud,2
1235,trillium,1
1236,sage,1
1237,salesforce.com,3
1238,pharmaceuticals,2
1239,paas,2
1240,self-confidence,1
1241,asap,1
1242,cognos,5
1243,iis,1
1244,crisis,12
1245,asana,1
1246,motion,3
1247,cms,1
1248,unreal,3
1249,realization,1
1250,blogging,1
1251,defense,2
1252,consumables,2
1253,developmental,1
1254,smartphone,1
1255,siebel,1
1256,teamcity,1
1257,import,1
1258,measurements,4
1259,provisioning,3
1260,powerhouse,1
1261,successfactors,1
1262,dmpk,2
1263,masslynx,1
1264,unifi,1
1265,cosmetics,1
1266,re-engineering,1
1267,assistants,2
1268,skin,1
1269,karma,1
1270,merging,1
1271,apollo,1
1272,graphql,1
1273,craftsmanship,1
1274,rid,1
1275,vmware,5
1276,responsiveness,3
1277,rust,1
1278,vue.js,2
1279,solvency,2
1280,axis,2
1281,traceability,3
1282,centricity,1
1283,lsi,1
1284,onix,2
1285,forming,3
1286,acute,3
1287,continuum,2
1288,wearables,1
1289,cae,1
1290,stabilization,1
1291,neo,1
1292,lamps,1
1293,consultations,1
1294,telepresence,5
1295,archaeology,2
1296,at-risk,1
1297,cooking,2
1298,camp,2
1299,redcap,1
1300,iaas,2
1301,asq,1
1302,buy-in,1
1303,doors,1
1304,apex,2
1305,testers,1
1306,firewall,1
1307,atlassian,1
1308,console,1
1309,xbox,1
1310,ssh,1
1311,radiography,1
1312,radiology,2
1313,stocking,1
1314,nurses,3
1315,x-ray,2
1316,chairs,1
1317,obfuscation,2
1318,fips,1
1319,restructuring,1
1320,friction,1
1321,telephony,4
1322,browsers,1
1323,organ,6
1324,hospitals,2
1325,sdi,1
1326,telemetry,1
1327,pre-launch,1
1328,casing,1
1329,ltv,1
1330,extrusion,1
1331,particle,2
1332,biocompatibility,1
1333,csst,1
1334,enablement,3
1335,structural,4
1336,upstream,3
1337,dds,1
1338,dmp,1
1339,holidays,1
1340,delve,1
1341,distillation,1
1342,petroleum,1
1343,lubricants,1
1344,diva,1
1345,proteomics,1
1346,ubuntu,1
1347,cheminformatics,1
1348,fingerprinting,1
1349,qsar,1
1350,matplotlib,1
1351,csh,1
1352,demos,1
1353,aec,2
1354,multi-tenant,2
1355,securities,1
1356,openedge,1
1357,opencl,1
1358,beam,1
1359,brick,1
1360,entertainment,1
1361,angularjs,1
1362,laravel,1
1363,mvc,3
1364,sails,1
1365,swift,1
1366,webpack,1
1367,genetics,1
1368,ngs,3
1369,transmission,1
1370,powershell,2
1371,xen,1
1372,vault,1
1373,hats,1
1374,forging,2
1375,medline,2
1376,labels,2
1377,sds,1
1378,frontier,1
1379,ontologies,1
1380,self-insurance,1
1381,recoveries,1
1382,finances,1
1383,calendars,1
1384,nutrition,1
1385,maternity,2
1386,paternity,1
1387,childcare,1
1388,homer,1
1389,cd,1
1390,fits,1
1391,terminal,2
1392,dermatology,1
1393,rheumatology,1
1394,ansi,1
1395,attribution,5
1396,silver,1
1397,attrition,1
1398,up-selling,1
1399,modular,1
1400,ff&e,1
1401,ots,1
1402,solidworks,1
1403,tomcat,2
1404,catalogue,2
1405,quotas,1
1406,fintech,3
1407,hubspot,1
1408,monographs,1
1409,artwork,1
1410,boxing,1
1411,tracker,2
1412,cpim,1
1413,pk/pd,1
1414,perforce,1
1415,headcount,1
1416,lotus,1
1417,classical,1
1418,peoplesoft,8
1419,removals,1
1420,franchise,1
1421,inflammation,2
1422,psp,3
1423,ratemaking,1
1424,perception,1
1425,fusing,1
1426,finalization,1
1427,commercialization,2
1428,mint,1
1429,projection,1
1430,meditech,5
1431,odd,1
1432,intranet,1
1433,tutoring,2
1434,stereoscopic,1
1435,gpgpu,1
1436,scrutiny,1
1437,electricity,2
1438,transient,1
1439,scada,1
1440,ctr,1
1441,ansible,1
1442,tmw,1
1443,fsp,1
1444,biometrics,2
1445,cdm,15
1446,meddra,1
1447,ceremonies,2
1448,eim,1
1449,caa,1
1450,mainframe,1
1451,cics,1
1452,plants,1
1453,standby,1
1454,sentry,1
1455,check-in,1
1456,faq,1
1457,garden,2
1458,compost,1
1459,questionnaires,1
1460,commerce,2
1461,proposition,1
1462,fetch,1
1463,scales,2
1464,pulse,1
1465,fixing,1
1466,sdk,3
1467,unconventional,2
1468,keynote,1
1469,yelp,1
1470,grc,1
1471,cisa,1
1472,decommissioning,1
1473,pki,1
1474,summit,1
1475,qsr,1
1476,cantonese,1
1477,buildings,2
1478,restoration,1
1479,autocad,1
1480,reinsurance,2
1481,airline,2
1482,appraising,1
1483,optimizer,1
1484,kernel,1
1485,o&m,6
1486,warranty,3
1487,solar,4
1488,sitecore,1
1489,yeast,1
1490,async,1
1491,fitting,1
1492,debate,1
1493,reason,1
1494,jam,1
1495,cyber,1
1496,liquidity,1
1497,orsa,1
1498,pre-screening,1
1499,clinics,1
1500,des,16
1501,compassion,1
1502,perfusion,1
1503,si,2
1504,arguments,1
1505,interviewing,2
1506,sr&ed,4
1507,chrome,1
1508,catalyst,1
1509,isr,1
1510,charging,1
1511,traction,1
1512,cancer,2
1513,vlookup,1
1514,encryption,2
1515,navigation,1
1516,robot,2
1517,filters,1
1518,ltd,1
1519,accident,1
1520,blocking,1
1521,russian,3
1522,spelling,4
1523,german,3
1524,polish,3
1525,dutch,3
1526,strengthening,1
1527,dlp,1
1528,symantec,1
1529,rman,1
1530,copying,1
1531,discerning,1
1532,workgroups,1
1533,storyline,1
1534,bullet,1
1535,teaming,1
1536,smartphones,1
1537,dm,7
1538,close-out,2
1539,demonstration,1
1540,erosion,1
1541,monetization,1
1542,geography,1
1543,geomatics,1
1544,irt,1
1545,workstation,2
1546,pcl,1
1547,cmake,1
1548,cuda,1
1549,lidar,1
1550,pleasure,1
1551,financials,1
1552,ebitda,1
1553,redux,2
1554,metals,1
1555,digging,1
1556,reclamation,1
1557,scopes,1
1558,aggregation,1
1559,vast,2
1560,serviceability,1
1561,liberty,1
1562,websphere,1
1563,volumetric,1
1564,anticipation,1
1565,amenities,1
1566,vending,1
1567,plm,3
1568,baselines,1
1569,gnu/linux,1
1570,drp,1
1571,beta,1
1572,readability,1
1573,elicitation,3
1574,observational,1
1575,multi-touch,1
1576,kantar,3
1577,essbase,1
1578,reuse,1
1579,erwin,1
1580,tfsa,1
1581,jeans,1
1582,abundance,1
1583,business intelligence,77
1584,campaign execution,3
1585,computer science,803
1586,microsoft excel,21
1587,data studio,5
1588,digital media,5
1589,web analytics,6
1590,communication skills,520
1591,project work,9
1592,thought leadership,16
1593,big data,512
1594,structured data,29
1595,unstructured data,26
1596,data analysis,343
1597,data mining,69
1598,e learning,451
1599,machine learning,423
1600,predictive modeling,14
1601,fraud detection,3
1602,data transformation,9
1603,financial services,33
1604,presentation skills,54
1605,agile methodologies,109
1606,cost models,2
1607,pricing strategy,1
1608,profitable growth,4
1609,competitive analysis,1
1610,decision trees,5
1611,learning techniques,35
1612,actuarial science,24
1613,microsoft office,72
1614,management skills,110
1615,stakeholder management,21
1616,mental health,15
1617,workplace culture,7
1618,defined benefit,11
1619,continuing education,9
1620,young people,2
1621,data science,385
1622,statistical packages,8
1623,data models,59
1624,database design,28
1625,empirical research,1
1626,analytical skills,175
1627,report writing,11
1628,value stream mapping,1
1629,software development,102
1630,web development,15
1631,dental care,34
1632,computer engineering,125
1633,data analytics,104
1634,problem solving,154
1635,predictive analytics,11
1636,apache spark,5
1637,web applications,10
1638,written communication,173
1639,campaign effectiveness,2
1640,client services,11
1641,external clients,10
1642,data extraction,10
1643,performance reporting,6
1644,statistical concepts,3
1645,customer data,20
1646,database marketing,1
1647,direct marketing,1
1648,loyalty marketing,4
1649,thinking skills,11
1650,compensation and benefits,4
1651,informed consent,48
1652,adverse events,6
1653,medical records,6
1654,clinical trials,64
1655,infectious diseases,1
1656,medical terminology,9
1657,clinical research,209
1658,data collection,92
1659,vision care,34
1660,data systems,127
1661,enterprise data,126
1662,manage multiple,132
1663,key systems,103
1664,data integration,227
1665,data quality,208
1666,proof of concept,104
1667,sap hana,107
1668,sql server,171
1669,data warehouse,70
1670,data visualization,102
1671,medical imaging,3
1672,identifying trends,3
1673,large volume,14
1674,google analytics,21
1675,relational databases,31
1676,qualitative data,1
1677,agile environment,30
1678,data engineering,243
1679,engineering analysis,1
1680,functional programming,1
1681,unit testing,22
1682,artificial intelligence,36
1683,deep learning,94
1684,language processing,29
1685,natural language,34
1686,natural language processing,29
1687,data products,10
1688,model development,11
1689,interpreting data,4
1690,bayesian methods,3
1691,interpersonal skills,305
1692,table tennis,5
1693,operational risk,11
1694,subject matter experts,13
1695,statistical modeling,14
1696,operational risk management,5
1697,sentiment analysis,6
1698,graphical models,1
1699,anomaly detection,4
1700,soft skills,5
1701,time management,85
1702,parallel programming,2
1703,data processing,129
1704,business applications,9
1705,reporting tool,110
1706,competitive insight,18
1707,business requirements,114
1708,discovery process,13
1709,financial goals,13
1710,strategic initiatives,42
1711,business case,43
1712,return on investment,13
1713,system performance,39
1714,change management,41
1715,readiness assessments,14
1716,high quality standards,20
1717,change control,130
1718,testing process,16
1719,analytical solutions,40
1720,business strategy,22
1721,business process,76
1722,credit rating,15
1723,a/b testing,24
1724,data flow,31
1725,use case,49
1726,experimental design,27
1727,group processes,15
1728,programming languages,189
1729,account reconciliation,3
1730,work effectively,77
1731,financial analysis,21
1732,financial reporting,10
1733,on site,9
1734,site execution,2
1735,time evaluation,2
1736,modelling tools,3
1737,metrics reporting,5
1738,conflict resolution,19
1739,learning environment,5
1740,physical sciences,4
1741,scientific computing,3
1742,version control,18
1743,algorithm design,15
1744,case report forms,50
1745,phase i,45
1746,process improvement projects,47
1747,regulatory requirements,60
1748,staff training,49
1749,query resolution,45
1750,blood collection,44
1751,vital signs,45
1752,leadership skills,58
1753,clinical research experience,49
1754,pharmaceutical industry,109
1755,working environment,113
1756,high proficiency,103
1757,multiple projects simultaneously,110
1758,data integrity,125
1759,raw materials,112
1760,continuous improvement,144
1761,contract manufacturing,101
1762,analytical chemistry,101
1763,assessment tools,102
1764,quality by design,100
1765,handle multiple projects,103
1766,chemical testing,4
1767,visual inspection,5
1768,work instructions,9
1769,computer skills,36
1770,market research,35
1771,business systems,8
1772,business knowledge,6
1773,job coaching,1
1774,industrial applications,1
1775,test development,3
1776,health insurance,4
1777,business units,20
1778,multiple sites,2
1779,people management,9
1780,database monitoring,1
1781,service delivery,15
1782,external agencies,5
1783,research projects,15
1784,customer service,63
1785,records management,7
1786,file systems,3
1787,office procedures,1
1788,human rights,5
1789,it service,5
1790,pivot tables,13
1791,power bi,53
1792,microsoft powerpoint,4
1793,microsoft word,11
1794,optimization techniques,3
1795,user experience,21
1796,record of success,7
1797,continuous delivery,8
1798,data validation,13
1799,build tools,6
1800,user groups,6
1801,security controls,7
1802,exploratory data analysis,6
1803,logistic regression,3
1804,business decision making,4
1805,flexible schedule,4
1806,data governance,45
1807,computational linguistics,2
1808,reinforcement learning,10
1809,critical thinking,37
1810,probability theory,5
1811,linked data,2
1812,start-up environment,6
1813,fast turnaround,8
1814,business acumen,21
1815,aseptic technique,2
1816,sample prep,8
1817,sample preparation,8
1818,six sigma,12
1819,waste disposal,1
1820,applied mathematics,8
1821,natural sciences,4
1822,computer vision,23
1823,natural language understanding,3
1824,neural networks,13
1825,global teams,5
1826,flat files,2
1827,production experience,4
1828,shell scripting,12
1829,working experience,51
1830,business value,22
1831,project documentation,9
1832,design thinking,12
1833,development work,3
1834,data solutions,117
1835,customer requirements,14
1836,data infrastructure,202
1837,sales & marketing,3
1838,customer experience,35
1839,business analytics,12
1840,economic forecasting,1
1841,oral communication,28
1842,technical requirements,13
1843,scenario analysis,2
1844,experience design,20
1845,critical systems,3
1846,production processes,3
1847,sign installation,1
1848,interact with all levels of management,1
1849,utility systems,1
1850,project plans,19
1851,summary reports,3
1852,office application,9
1853,project management skills,35
1854,statistical analysis tools,1
1855,financial assistance,3
1856,information systems,58
1857,student information system,4
1858,system i,30
1859,word processing,9
1860,student groups,1
1861,superior organization,4
1862,data cleaning,7
1863,market data,9
1864,static data,1
1865,reference data,7
1866,project managers,20
1867,professional development,29
1868,marketing strategy,4
1869,core foundation,2
1870,game development,3
1871,mobile game development,1
1872,game design,2
1873,product requirements,5
1874,data presentation,3
1875,data streaming,3
1876,emerging trends,4
1877,technology research,1
1878,automated processes,4
1879,employee engagement,4
1880,analytical models,9
1881,succession planning,2
1882,optimization models,3
1883,cluster analysis,3
1884,time series analysis,9
1885,unsupervised learning,4
1886,systematic reviews,3
1887,management software,14
1888,asset allocation,2
1889,forward looking,1
1890,tactical asset allocation,2
1891,investment research,1
1892,portfolio risk,1
1893,economic research,2
1894,risk measurement,3
1895,stochastic simulation,1
1896,financial engineering,3
1897,quantitative research,10
1898,educational research,1
1899,applied research,2
1900,travel planning,1
1901,curriculum development,1
1902,tracking systems,2
1903,purchasing processes,1
1904,emerging technologies,12
1905,strategic thinking,5
1906,academic background,4
1907,problem framing,1
1908,process flow,100
1909,emotional intelligence,95
1910,design principles,102
1911,data modeling,136
1912,data warehousing,140
1913,retirement planning,3
1914,new development,9
1915,information technology,60
1916,financial education,2
1917,purchase contracts,2
1918,budget control,2
1919,document creation,2
1920,media planning,3
1921,media research,2
1922,secondary education,36
1923,adobe professional,2
1924,content management,15
1925,content management systems,7
1926,learning management,2
1927,learning management systems,2
1928,management system,79
1929,medical education,2
1930,marketing materials,10
1931,business opportunities,17
1932,financial statement analysis,5
1933,statement analysis,5
1934,client presentation,8
1935,capital markets,17
1936,corporate finance,4
1937,investment banking,8
1938,extracurricular activities,6
1939,new concepts,9
1940,life science,28
1941,causal inference,1
1942,data wrangling,9
1943,google data studio,2
1944,life sciences,22
1945,large groups,3
1946,lifelong learning,3
1947,cash flow,12
1948,financial projection,1
1949,value creation,1
1950,data manipulation,11
1951,error analysis,1
1952,pattern recognition,4
1953,sap system,3
1954,student retention,1
1955,public relations,1
1956,social sciences,14
1957,drug development,9
1958,learning and development,9
1959,business insights,9
1960,higher education,3
1961,operational support,7
1962,support documentation,12
1963,technical documentation,15
1964,technology solutions,24
1965,business solution,9
1966,competitive advantage,1
1967,collaborative work,20
1968,profit sharing,3
1969,real-time data,10
1970,quality improvement,16
1971,molecular biology,2
1972,operating efficiencies,1
1973,strategic business,6
1974,building models,5
1975,hidden markov models,3
1976,integer programming,3
1977,linear models,1
1978,markov models,3
1979,signal processing,5
1980,graph databases,5
1981,business skills,4
1982,public inquiries,3
1983,field work,4
1984,environmental law,1
1985,customer service skills,13
1986,environmental science,9
1987,environmental reports,1
1988,trend analysis,10
1989,site visits,7
1990,crystal reports,3
1991,training workshops,2
1992,user training,10
1993,health sciences,19
1994,time constraints,4
1995,ms project,5
1996,equipment repair,2
1997,cell lines,3
1998,fluorescence microscopy,1
1999,safety compliance,1
2000,laboratory equipment,7
2001,general lab,3
2002,organization skills,17
2003,scripting languages,16
2004,learning styles,3
2005,computer systems analysis,1
2006,systems analysis,4
2007,client focus,3
2008,health & safety,16
2009,infection control,2
2010,process auditing,1
2011,analytical support,4
2012,system administration,4
2013,greenhouse gas,2
2014,due diligence,8
2015,supply chain,22
2016,control charts,3
2017,high pressure,7
2018,instrumental analysis,3
2019,organic chemistry,3
2020,technical writing,2
2021,data architecture,37
2022,financial data,13
2023,financial applications,2
2024,jd edwards,2
2025,commercial real estate,1
2026,real estate,6
2027,spreadsheet server,1
2028,surface water,4
2029,pest control,1
2030,public health,12
2031,media events,1
2032,hazardous materials,5
2033,occupational health,4
2034,performance measurement,6
2035,program improvement,2
2036,primary care,9
2037,primary care physicians,2
2038,project coordination,4
2039,professional communication,3
2040,shuttle service,2
2041,fitness center,1
2042,patient registration,2
2043,medical office,1
2044,office administration,3
2045,patient scheduling,1
2046,prioritize workload,6
2047,root cause,34
2048,operational efficiency,12
2049,supply chain optimization,2
2050,ip management,16
2051,ship management,16
2052,supplier negotiation,2
2053,supplier relationship management,2
2054,vendor audit,2
2055,service optimization,2
2056,cost reduction,3
2057,maturity assessments,2
2058,development testing,1
2059,technical design,13
2060,user documentation,1
2061,project teams,20
2062,data dictionary,2
2063,sql tools,3
2064,internal controls,3
2065,computer language,1
2066,job matching,1
2067,data structures,49
2068,inventory system,2
2069,client orientation,1
2070,statistical tools,5
2071,asset management,11
2072,enterprise asset management,1
2073,information management,38
2074,laboratory information management system (lims),1
2075,employment standards,2
2076,safety regulations,3
2077,strategic planning,6
2078,executive level management,2
2079,political science,6
2080,public policy,2
2081,policy research,2
2082,public sector,7
2083,literature reviews,4
2084,test automation,3
2085,functional testing,6
2086,test cases,27
2087,testing practices,4
2088,professional associations,17
2089,technical proficiency,12
2090,in the news,1
2091,design specifications,16
2092,front-end design,2
2093,constructive feedback,6
2094,adobe creative suite,6
2095,creative suite,6
2096,design tools,2
2097,front-end coding,1
2098,testing tools,3
2099,case analysis,6
2100,data center,13
2101,operational improvement,12
2102,business transactions,7
2103,knowledge base,10
2104,it operations,11
2105,batch processing,1
2106,creative agency,1
2107,control design,5
2108,design review,6
2109,finance and accounting,4
2110,risk analysis,1
2111,environmental control,1
2112,job scheduling,2
2113,performance management,11
2114,physical security,6
2115,problem management,4
2116,service level management,1
2117,information security,23
2118,information security governance,1
2119,technology change management,1
2120,vulnerability management,2
2121,technology platforms,3
2122,internal audit,11
2123,audit committee,1
2124,executive management,4
2125,compliance operations,1
2126,financial institutions,6
2127,regulatory compliance,11
2128,flow charts,1
2129,data mapping,5
2130,sas programming,8
2131,stored procedures,12
2132,professional network,8
2133,sales acumen,3
2134,functional requirements,11
2135,technology trends,6
2136,data migration,22
2137,life insurance,30
2138,data services,18
2139,performance improvement,8
2140,product quality,7
2141,complaint management,1
2142,corrective actions,11
2143,root cause analysis,13
2144,vendor management,6
2145,food safety,7
2146,food industry,2
2147,food science,6
2148,quality system,11
2149,project governance,3
2150,behavior change,2
2151,collaborative filtering,1
2152,large-scale data analysis,1
2153,google cloud,23
2154,google cloud platform,18
2155,happy hour,6
2156,training material,10
2157,hp service manager,2
2158,information science,8
2159,database systems,15
2160,digital assets,2
2161,digital asset management,1
2162,business documentation,1
2163,data standards,8
2164,metadata standards,1
2165,assortment optimization,1
2166,econometric modeling,1
2167,recommender systems,6
2168,linear regression,2
2169,dimensionality reduction,1
2170,product launch,8
2171,digital strategy,3
2172,enterprise operations,1
2173,development projects,8
2174,business analysis,21
2175,microsoft dynamics,3
2176,dynamic data,2
2177,dynamics crm,3
2178,microsoft dynamics crm,1
2179,regression analysis,2
2180,open source,15
2181,disability insurance,16
2182,force development,2
2183,force management,2
2184,technical reports,14
2185,field inspection,1
2186,site analysis,1
2187,intelligence systems,1
2188,computer literacy,6
2189,destructive testing,1
2190,port development,3
2191,quantitative data,4
2192,financial statements,5
2193,intellectually curious,4
2194,meeting facilitation,2
2195,executing events,2
2196,stakeholder engagement,2
2197,corporate communications,3
2198,process automation,9
2199,commercial buildings,1
2200,data transfer,3
2201,material transfer agreements,1
2202,questionnaire design,1
2203,primary research,2
2204,support groups,5
2205,supplier management,1
2206,human factors,3
2207,service orientation,9
2208,business writing,7
2209,organizational psychology,1
2210,mission critical,8
2211,service levels,9
2212,business continuity,9
2213,it development,8
2214,application configuration,1
2215,data conversion,5
2216,report writers,1
2217,implementation experience,10
2218,clinical workflow,3
2219,project leadership,3
2220,financial modeling,9
2221,home decor,4
2222,integrated media,5
2223,international retail,4
2224,national retail,6
2225,on deadline,4
2226,robotic design,4
2227,internal customers,6
2228,peer reviews,1
2229,business ethics,4
2230,code of conduct,4
2231,new hires,1
2232,professional manner,7
2233,commercial banking,1
2234,wealth management,11
2235,information governance,3
2236,visualization software,8
2237,project implementation,5
2238,collaboration tools,3
2239,data domain,3
2240,in-depth analysis,4
2241,business operations,4
2242,quarterly reporting,1
2243,balance sheet,1
2244,cash flow statements,1
2245,data reconciliation,3
2246,audit trail,2
2247,new trends,1
2248,stock option,19
2249,career development,5
2250,data curation,2
2251,database tools,2
2252,analyze information,2
2253,data preparation,5
2254,application testing,6
2255,production implementation,5
2256,software architecture,6
2257,cloud computing,16
2258,google api,1
2259,systems biology,1
2260,legal education,1
2261,workflow management,5
2262,workflow management systems,3
2263,diverse groups,2
2264,working with clients,2
2265,social media,19
2266,visual storytelling,1
2267,business technology,4
2268,adobe analytics,9
2269,accounts payable,5
2270,accounts receivable,4
2271,journal entries,3
2272,payroll processing,2
2273,travel arrangements,3
2274,financial concepts,2
2275,data warehouse architecture,2
2276,master data,21
2277,cloud services,10
2278,algorithm development,3
2279,clinical data,25
2280,project delivery,9
2281,feature extraction,1
2282,parameter estimation,2
2283,medical devices,5
2284,consumer electronics,1
2285,medical technology,1
2286,performance monitor,7
2287,risk governance,1
2288,policy compliance,2
2289,performance metrics,11
2290,external audit,2
2291,high performer,2
2292,computational biology,2
2293,statistical data analysis,4
2294,user stories,8
2295,business intelligence tools,8
2296,dynamic c,2
2297,sublime text,2
2298,adobe illustrator,2
2299,adobe photoshop,4
2300,interactive media,2
2301,media software,2
2302,website graphics,2
2303,software requirements,7
2304,object-oriented programming,5
2305,editing software,4
2306,image editing,2
2307,service design,4
2308,power tools,1
2309,field service,1
2310,environmental studies,2
2311,source engine,1
2312,water resource engineering,1
2313,code review,13
2314,design flow,2
2315,development design,2
2316,test data,15
2317,test scripts,8
2318,gnu make,2
2319,object oriented design,3
2320,bug tracking,5
2321,embedded systems,2
2322,digital filters,2
2323,alternative solutions,3
2324,scientific reports,1
2325,polymer science,3
2326,food packaging,1
2327,business initiatives,3
2328,strategic business initiatives,1
2329,resolving issues,5
2330,business planning,5
2331,opportunity assessment,1
2332,product management,20
2333,water quality,2
2334,supplier audits,3
2335,data review,15
2336,issue identification,2
2337,customer insight,3
2338,complex analysis,1
2339,income protection,4
2340,test procedures,4
2341,production equipment,2
2342,preventive maintenance,4
2343,test equipment,2
2344,chemical engineering,4
2345,experimental research,2
2346,credit risk,16
2347,development planning,5
2348,early warning,1
2349,large-scale projects,1
2350,strategic relationships,2
2351,risk analytics,4
2352,dns server,3
2353,intrusion detection,8
2354,disaster recovery,16
2355,network performance,6
2356,design web,3
2357,sensitive information,3
2358,cisco networking,2
2359,cisco wireless,2
2360,communication equipment,1
2361,computer networking,2
2362,data network,2
2363,department stores,1
2364,joint ventures,1
2365,network engineering,2
2366,network security,5
2367,network systems,1
2368,security devices,1
2369,web architecture,2
2370,wireless lan controller,2
2371,work management,2
2372,fundamental analysis,1
2373,linear programming,2
2374,rules engines,2
2375,business media,1
2376,operational excellence,5
2377,system architecture,3
2378,performance tuning,21
2379,change requests,7
2380,development tools,14
2381,etl tools,5
2382,stream processing,3
2383,low latency,3
2384,loyalty programs,2
2385,utilization management,1
2386,key performance indicators,12
2387,green belt,1
2388,lean six sigma,5
2389,project planning,7
2390,web intelligence,3
2391,board development,3
2392,lifetime value,2
2393,price elasticity,1
2394,technology management,4
2395,project based,1
2396,regression models,2
2397,requirements gathering,6
2398,validation reports,2
2399,information design,3
2400,data aggregation,3
2401,model building,1
2402,production pipeline,5
2403,variety of audiences,4
2404,port management,2
2405,support management,2
2406,role model,3
2407,embraces change,4
2408,financial markets,4
2409,account executives,2
2410,functional leadership,2
2411,program management,6
2412,service focused,1
2413,professional services,13
2414,project metrics,1
2415,table design,2
2416,personal banking,1
2417,customer marketing,3
2418,line of business,2
2419,microsoft reporting service,1
2420,analytical software,1
2421,business software,1
2422,print production,1
2423,start to finish,9
2424,email strategy,1
2425,design workshops,1
2426,professional publications,2
2427,graphic design,3
2428,graphic design software,1
2429,adobe creative cloud,1
2430,cloud applications,3
2431,creative cloud,1
2432,academic research,3
2433,virtual environment,4
2434,network architecture,5
2435,visual effects,2
2436,computer graphics,5
2437,network function virtualization,4
2438,project cost,4
2439,channel readiness,2
2440,business readiness,2
2441,demand management,2
2442,project charter,9
2443,software development life cycle (sdlc),5
2444,unified communications,2
2445,cost management,2
2446,financial forecasting,2
2447,c-level leadership,2
2448,test design,6
2449,open space,2
2450,information products,2
2451,build automation,3
2452,data verification,6
2453,product design,5
2454,ad tech,8
2455,mitigation strategies,1
2456,software lifecycle,2
2457,graduate level,2
2458,coding practices,3
2459,online content,1
2460,plain language,3
2461,style guides,1
2462,web pages,2
2463,functional support,1
2464,community engagement,2
2465,urban planning,1
2466,digital communication,1
2467,digital marketing,7
2468,digital publishing,1
2469,design skills,2
2470,target audience,2
2471,web standards,1
2472,user-centered design,1
2473,progress tracking,2
2474,electronic data capture (edc),3
2475,work orders,3
2476,third party vendors,2
2477,acceptance testing,5
2478,user acceptance testing,3
2479,medical coding,2
2480,medical history,2
2481,pharmaceutical sciences,3
2482,customer satisfaction,16
2483,clinical data management,11
2484,information architecture,4
2485,center of excellence,1
2486,core data,4
2487,performance dashboards,3
2488,operating models,3
2489,organizational structure,4
2490,issue management,2
2491,decision support,4
2492,server management,3
2493,er issues,6
2494,manage client expectations,3
2495,auto insurance,4
2496,program analysis,2
2497,consumer lending,2
2498,event driven,1
2499,team building,7
2500,dairy products,1
2501,food chemistry,1
2502,food processing,1
2503,federal government,1
2504,government experience,1
2505,biomedical sciences,3
2506,ama style,2
2507,medical writing,2
2508,statistical reporting,4
2509,web-based systems,3
2510,copy editing,3
2511,manual dexterity,1
2512,hazard analysis,1
2513,multivariate testing,7
2514,customer journeys,3
2515,adobe marketing cloud,1
2516,ad development,2
2517,lead development,2
2518,operational systems,3
2519,process design,11
2520,data acquisition,6
2521,software engineering practices,2
2522,risk assessment,14
2523,data retention,3
2524,data architects,3
2525,design patterns,10
2526,analysis services,4
2527,microsoft sql server,12
2528,itil process,2
2529,mechanical properties,2
2530,sign production,1
2531,plastics industry,1
2532,traditional media,1
2533,service availability,2
2534,collection systems,6
2535,full cycle,2
2536,program planning,3
2537,progress notes,3
2538,service providers,9
2539,early childhood education,2
2540,professional liability,2
2541,home visits,1
2542,statistical programming,9
2543,conducting meetings,2
2544,new opportunities,8
2545,text mining,3
2546,design documents,12
2547,human capital,3
2548,user requirements,8
2549,interface specification,1
2550,software integration,1
2551,microsoft c,8
2552,database queries,4
2553,linear algebra,1
2554,web application development,1
2555,technology start-up,1
2556,license management,1
2557,continuous process,3
2558,continuous process improvement,3
2559,casualty insurance,1
2560,visual analytics,1
2561,report preparation,2
2562,consumer focus,2
2563,action oriented,7
2564,outcome focused,3
2565,behavioral science,2
2566,technical application,1
2567,collaborative environment,9
2568,executive reporting,2
2569,g suite,3
2570,automation tools,5
2571,product adoption,4
2572,customer base,5
2573,executive team,7
2574,support systems,2
2575,key metrics,6
2576,consensus building,1
2577,going the extra mile,1
2578,market analysis,1
2579,industry research,3
2580,analysis reports,1
2581,building management,1
2582,fast food,1
2583,pressure situations,2
2584,google suite,4
2585,scheduling tools,2
2586,media prep,3
2587,media preparation,3
2588,electronic media,2
2589,operating systems,20
2590,post production,2
2591,network connectivity,1
2592,productivity software,1
2593,store systems,1
2594,computer technology,2
2595,it infrastructure,9
2596,store communications,1
2597,integrated systems,1
2598,work processes,5
2599,one on one,2
2600,global reporting,1
2601,sustainability reporting,1
2602,climate change,1
2603,customer portal,2
2604,sales performance,4
2605,optimization algorithms,3
2606,quantitative analytics,5
2607,image analysis,2
2608,active lifestyle,2
2609,visual studio,7
2610,escalation process,2
2611,credit analysis,3
2612,management control,2
2613,cash operations,2
2614,petty cash,2
2615,insurance claims,2
2616,aging reports,2
2617,high availability,6
2618,system software,1
2619,database development,12
2620,production systems,8
2621,system architects,1
2622,database optimization,2
2623,system development,5
2624,sql server management studio,2
2625,forms development,2
2626,microsoft access,2
2627,large enterprise,3
2628,architecture frameworks,3
2629,reference architecture,4
2630,flow diagrams,2
2631,enterprise architecture,4
2632,architectural review,1
2633,performance appraisal,4
2634,client accounts,2
2635,client prospecting,1
2636,consumer products,1
2637,industrial products,1
2638,media & entertainment,1
2639,graph theory,4
2640,engineering leadership,3
2641,technical solution design,1
2642,speech recognition,6
2643,ad targeting,2
2644,insight generation,1
2645,classification systems,1
2646,coding experience,3
2647,business case development,4
2648,ad hoc reporting,3
2649,digital product development,7
2650,survey research,3
2651,continuous integration,16
2652,cloud storage,3
2653,phase i environmental site assessments,1
2654,water sampling,1
2655,site work,1
2656,safety programs,2
2657,commercial facilities,1
2658,compliance assessments,1
2659,compliance support,2
2660,software implementation,9
2661,live production,3
2662,active learning,3
2663,system control,1
2664,regulatory audits,2
2665,audit reports,1
2666,quality assurance review,1
2667,pharmaceutical manufacturing,2
2668,fraud prevention,2
2669,defining requirements,2
2670,product knowledge,8
2671,open data,3
2672,web services,20
2673,hypothesis testing,3
2674,adaptive learning,1
2675,in situ,1
2676,software as a service,2
2677,system requirements,8
2678,end user training,6
2679,service catalog,4
2680,online platforms,4
2681,payment gateways,4
2682,business process automation,2
2683,relationship building,13
2684,architectural patterns,5
2685,method transfer,9
2686,cell culture,4
2687,enzyme assays,1
2688,professional conduct,2
2689,user behavior,2
2690,next gen,4
2691,quantum computing,2
2692,small group,3
2693,customer applications,2
2694,commissioning support,2
2695,vehicle dynamics,4
2696,control valves,2
2697,embedded c,2
2698,design of experiments,2
2699,fatigue testing,2
2700,test stand,2
2701,configuration management,14
2702,engineering drawings,2
2703,machine design,2
2704,documentation practices,3
2705,manufacturing processes,5
2706,design for manufacturing,2
2707,failure analysis,2
2708,scientific review,1
2709,approval process,1
2710,development of promotional materials,1
2711,purchase requisitions,1
2712,statistical software,7
2713,logical approach,3
2714,procedural manuals,2
2715,health informatics,6
2716,industrial engineering,2
2717,reporting systems,2
2718,technical process,1
2719,model validation,5
2720,research design,2
2721,income tax,3
2722,tax compliance,1
2723,financial planning,2
2724,erp software,1
2725,great plains,1
2726,technical leadership,11
2727,architectural design,4
2728,intellectual property,2
2729,employer branding,1
2730,background checks,3
2731,get along well with others,1
2732,google calendar,2
2733,regression testing,7
2734,health fairs,1
2735,statistical inference,1
2736,wireless mesh,2
2737,remote troubleshooting,1
2738,bluetooth low energy,1
2739,go-to-market strategy,1
2740,white space analysis,1
2741,management consulting,3
2742,sales strategy,3
2743,ux design,3
2744,usability testing,3
2745,user research,3
2746,interaction design,1
2747,user flows,2
2748,fine art,1
2749,vui design,1
2750,responsive design,2
2751,cardiac cath,1
2752,order management,7
2753,equity swaps,1
2754,interest rate swaps,1
2755,charles river ims,1
2756,simcorp dimension,1
2757,social responsibility,3
2758,technical training,4
2759,training programs,10
2760,kpi reports,2
2761,ada guidelines,2
2762,laboratory techniques,1
2763,contract labor,2
2764,high level of accuracy,3
2765,custom projects,2
2766,software solutions,7
2767,image pro,5
2768,image processing,4
2769,health economics,1
2770,health systems,2
2771,international conferences,1
2772,global health,2
2773,health research,2
2774,health services research,6
2775,program monitoring,1
2776,qualitative research,2
2777,script writing,2
2778,technical architecture,2
2779,information retrieval,4
2780,ruby on rails,2
2781,software testing,5
2782,distributed architecture,1
2783,portfolio managers,2
2784,conflict of interest,2
2785,conflict management,3
2786,database searching,1
2787,accounting software,2
2788,database applications,2
2789,project reviews,1
2790,revenue recognition,1
2791,line management,1
2792,clinical development,3
2793,project management software,1
2794,oracle clinical,1
2795,software systems,10
2796,budgeting & forecasting,1
2797,conference presentations,1
2798,white papers,4
2799,multivariate analysis,1
2800,dimensional modeling,6
2801,systems design,3
2802,fault isolation,1
2803,it service management,3
2804,ip addressing,1
2805,distributed systems,11
2806,building design,4
2807,fire protection,6
2808,fire protection engineering,2
2809,public education,2
2810,fire prevention,2
2811,fire service,2
2812,government officials,4
2813,fire safety,6
2814,fire alarm,2
2815,industrial process,2
2816,water supply,2
2817,adult education,3
2818,public safety,2
2819,technical consultation,2
2820,strategic vision,3
2821,software design,6
2822,software design patterns,2
2823,data coordination,2
2824,marketing analytics,3
2825,life cycle planning,1
2826,technical direction,2
2827,operating budgets,1
2828,ar system,3
2829,performance reviews,3
2830,systems programming,1
2831,data reporting,2
2832,networking protocol,1
2833,operations control,2
2834,technical analysis,3
2835,fit analysis,6
2836,proposal writing,4
2837,technical standards,5
2838,platform development,4
2839,technology transfer,1
2840,method development,10
2841,adobe experience,2
2842,adobe experience manager,2
2843,brand strategy,1
2844,customer intimacy,1
2845,corporate social responsibility,1
2846,multiple therapeutic areas,1
2847,therapeutic areas,9
2848,security policy,4
2849,mail distribution,1
2850,environmental services,1
2851,electronic filing,1
2852,system solutions,2
2853,system installations,2
2854,release notes,2
2855,on-call support,3
2856,audience segmentation,1
2857,delivering workshops,1
2858,culture change,1
2859,capacity planning,6
2860,metadata management,2
2861,data privacy,3
2862,privacy compliance,1
2863,spring mvc,7
2864,amazon web services,9
2865,risk budgeting,1
2866,investment performance,1
2867,performance attribution,1
2868,technical ability,1
2869,microsoft azure,10
2870,distributed applications,3
2871,strategic account,2
2872,it management,3
2873,virtual teams,2
2874,oracle database,9
2875,apache kafka,1
2876,actuarial consulting,1
2877,visual basic,2
2878,business process improvement,1
2879,performance testing,2
2880,annual budgets,1
2881,changing environments,3
2882,excel models,1
2883,trusted business advisor,1
2884,financial metrics,1
2885,new features,5
2886,test systems,1
2887,building automation,4
2888,data administration,2
2889,energy management,3
2890,energy star,2
2891,google sheets,1
2892,data tracking,1
2893,payment systems,1
2894,program launch,1
2895,regulatory reporting,1
2896,waste audits,1
2897,waste reduction,1
2898,building operations,1
2899,coordination skills,1
2900,building science,3
2901,mechanical systems,1
2902,business logic,6
2903,creative problem solving,5
2904,enterprise account management,1
2905,operational execution,1
2906,process management,6
2907,security management,1
2908,access control,4
2909,common sense,3
2910,report building,1
2911,builds relationships,3
2912,interpersonal communication,5
2913,personal communication,5
2914,cover letter,2
2915,task management,1
2916,facebook ads manager,1
2917,process control,12
2918,process modeling,2
2919,site specific,2
2920,factor analysis,1
2921,genetic algorithms,1
2922,sensitivity analysis,1
2923,regulatory agencies,3
2924,database modeling,1
2925,it risk management,1
2926,case management,9
2927,file management,4
2928,note taking,1
2929,interview questions,1
2930,external investigations,1
2931,office operations,2
2932,stress test,5
2933,stress testing,5
2934,regulatory capital,3
2935,mortgage insurance,2
2936,software engineers,3
2937,situational awareness,1
2938,tactical plans,1
2939,brand loyalty,1
2940,driving traffic,1
2941,multi-channel marketing,1
2942,online presence,2
2943,online metrics,1
2944,web traffic,1
2945,marketing automation,5
2946,online advertising,1
2947,photo editing,1
2948,data dissemination,1
2949,patient care,10
2950,basel i,2
2951,basel ii,2
2952,basel iii,1
2953,compliance reporting,1
2954,internal compliance,1
2955,microsoft power bi,1
2956,general insurance,2
2957,enterprise network,4
2958,tier 2,4
2959,internal communications,2
2960,large projects,4
2961,performance analysis,5
2962,cisco ios,1
2963,os x,1
2964,ip vpn,2
2965,cisco nexus,1
2966,nexus 5,1
2967,access technologies,1
2968,dynamic routing,1
2969,ip networking,4
2970,routing protocols,1
2971,standard work,2
2972,usage analysis,2
2973,transaction processing,1
2974,electronic payments,2
2975,merchant accounts,4
2976,integration testing,1
2977,system configuration,2
2978,data profiling,5
2979,web technologies,10
2980,customer engagement,9
2981,portfolio marketing,2
2982,product information management,12
2983,information management solutions,2
2984,product life cycle,2
2985,budget management,3
2986,government programs,2
2987,group benefit plans,2
2988,public transport,5
2989,public libraries,1
2990,data operations,2
2991,storage systems,3
2992,test suites,1
2993,physical data modeling,2
2994,knowledge management,1
2995,population health,1
2996,spatial epidemiology,1
2997,self-directed learning,1
2998,oracle designer,1
2999,design research,7
3000,control testing,1
3001,advisory boards,1
3002,speaker programs,1
3003,build strong relationships,4
3004,site initiation,1
3005,clinical operations,5
3006,relationship development,1
3007,office 365,3
3008,drive change,3
3009,business information,4
3010,biotechnology industry,1
3011,enterprise marketing,2
3012,creative executions,1
3013,c suite,1
3014,ad serving,1
3015,building owners,1
3016,health care professionals,3
3017,key opinion leaders,1
3018,team training,1
3019,internet of things,2
3020,systems modeling,1
3021,iterative design,1
3022,application frameworks,1
3023,c programming,6
3024,physical design,1
3025,coding standards,7
3026,design standards,2
3027,retail brokerage,1
3028,transactional systems,1
3029,sql server integration services,4
3030,sql server integration services (ssis),2
3031,enterprise systems,2
3032,house design,5
3033,sql server reporting services (ssrs),1
3034,solution architecture,3
3035,data security,10
3036,customer retention,1
3037,ion channels,2
3038,funnel optimization,1
3039,content marketing,2
3040,paid media,1
3041,sales enablement,1
3042,operational planning,1
3043,development operations,2
3044,digital services,1
3045,it transformation,1
3046,business integrity,1
3047,bias for action,4
3048,industrial experience,1
3049,test strategy,4
3050,feasibility studies,2
3051,gap analysis,2
3052,system testing,1
3053,impact assessment,1
3054,structured analysis,1
3055,test management,1
3056,document management,6
3057,general public,2
3058,client requirements,7
3059,cost effective,2
3060,new business opportunities,5
3061,new leads,1
3062,healthcare industry,4
3063,ims data,1
3064,campaign management,1
3065,media agencies,1
3066,sales operations,1
3067,bayesian inference,1
3068,data reduction,1
3069,programming concepts,3
3070,risk metrics,1
3071,community banking,1
3072,built environment,1
3073,object detection,1
3074,balanced scorecard,2
3075,opportunity identification,1
3076,drive train,1
3077,enterprise business,6
3078,time tracking,2
3079,on set,2
3080,process analysis,3
3081,digital imaging,1
3082,office solutions,1
3083,organizational capabilities,1
3084,freedom of information,1
3085,privacy act,1
3086,defined contribution,8
3087,pension administration,2
3088,master data management,5
3089,deviation management,1
3090,global operations,1
3091,batch release,2
3092,management review,3
3093,fda gmp,1
3094,compliance management,1
3095,product manufacturing,1
3096,organizational agility,1
3097,priority setting,2
3098,regulatory standards,1
3099,batch records,5
3100,regulatory guidelines,3
3101,regulatory affairs,4
3102,hr policies,2
3103,organizational performance,2
3104,flow analysis,7
3105,standards compliance,1
3106,resource allocation,5
3107,business rules,9
3108,product vision,3
3109,problem analysis,1
3110,hr management,1
3111,seo audits,1
3112,keyword research,1
3113,front-end web development,1
3114,site migration,1
3115,customer analysis,1
3116,application monitoring,1
3117,network technology,5
3118,technology architecture,3
3119,network hardware,3
3120,business sale,1
3121,product mix,2
3122,sales plan,1
3123,customer value,2
3124,work life balance,2
3125,technical audits,1
3126,grand ma,1
3127,sap bi,2
3128,international travel,5
3129,supply chain operations,2
3130,financial performance,2
3131,market access,1
3132,quota setting,1
3133,patient support,3
3134,brand perception,1
3135,secondary market,1
3136,information research,1
3137,sharepoint server,1
3138,data classification,2
3139,data monitoring,4
3140,information gathering,1
3141,broadband access,1
3142,scientific analysis,2
3143,message broker,1
3144,computational analysis,1
3145,information extraction,1
3146,transformation programs,2
3147,practice development,3
3148,capital management,2
3149,human capital management,1
3150,protein expression,1
3151,functional specifications,8
3152,financial systems,2
3153,quality processes,1
3154,iso 13485,1
3155,boot camp,2
3156,sports teams,3
3157,video games,2
3158,data exchange,3
3159,general programming,2
3160,data feeds,4
3161,market structure,6
3162,electronic trading,2
3163,high throughput,2
3164,customer communication,1
3165,product testing,2
3166,production planning,3
3167,flow cytometry,4
3168,corporate risk,1
3169,model design,7
3170,naming conventions,2
3171,database administration,13
3172,customer research,1
3173,metrics driven,1
3174,customer acquisition,3
3175,load management,2
3176,strategy building,1
3177,consumer insight,1
3178,kimball methodology,1
3179,star schema,1
3180,health & wellness,5
3181,pipeline development,1
3182,software development tools,1
3183,gas accounting,1
3184,variance analysis,2
3185,special events,2
3186,trade shows,1
3187,shopper marketing,1
3188,replication technologies,2
3189,equity management,1
3190,product concept,1
3191,customer events,1
3192,quality procedures,1
3193,donor engagement,5
3194,moves management,2
3195,team performance,3
3196,environmental issues,1
3197,digital trends,1
3198,program assessment,1
3199,web framework,3
3200,study reports,1
3201,protocol development,1
3202,patient education,1
3203,patient education materials,1
3204,chemical processing,1
3205,analytical instruments,1
3206,tissue culture,1
3207,process integration,1
3208,technical subject matter,2
3209,tactical planning,2
3210,business process design,2
3211,server configuration,2
3212,integration projects,2
3213,coordinating meetings,2
3214,long-term care,1
3215,shop floor,1
3216,information search,1
3217,knowledge representation,2
3218,hyperion planning,2
3219,life support,1
3220,cardiac rehabilitation,1
3221,activity diagrams,1
3222,unified modeling language (uml),2
3223,matrix management,1
3224,analytical techniques,1
3225,law enforcement,2
3226,risk management framework,5
3227,analytic problem solving,1
3228,report production,2
3229,executive team member,1
3230,quality assurance processes,1
3231,follow directions,4
3232,technically competent,1
3233,challenging environment,2
3234,development programs,6
3235,google drive,1
3236,spend analysis,1
3237,rfx process,1
3238,regulatory development,1
3239,safety case,1
3240,scientific writing,1
3241,deadline oriented,2
3242,task execution,1
3243,pricing analysis,5
3244,mathematical programming,2
3245,personal development,2
3246,personal development plans,1
3247,pet insurance,2
3248,clinical analytics,1
3249,imaging services,1
3250,server architecture,2
3251,document review,4
3252,learn new software quickly,2
3253,water industry,1
3254,operational requirements,2
3255,administrative tools,2
3256,microsoft operating systems,2
3257,security protocols,2
3258,personal health,3
3259,shelf life,1
3260,food quality,1
3261,safety committee,3
3262,attendance management,1
3263,time reporting,1
3264,lean management,3
3265,process efficiency,1
3266,data coding,1
3267,cognitive science,1
3268,experimental psychology,1
3269,working with children,4
3270,ui automation,1
3271,api testing,1
3272,pension funds,1
3273,capital adequacy,2
3274,cross-team communication,2
3275,cash flow analysis,5
3276,latin america,2
3277,structured finance,2
3278,team man,2
3279,quantitative finance,2
3280,community development,2
3281,health promotion,4
3282,program evaluation,3
3283,community health,4
3284,mapping software,1
3285,data loading,2
3286,patient safety,1
3287,patient satisfaction,1
3288,group discussions,1
3289,human factors engineering,2
3290,risk reduction,2
3291,reporting requirements,4
3292,economic capital,3
3293,perkin elmer,2
3294,requirements analysis,4
3295,safety critical,2
3296,linux application development,1
3297,windows ce,1
3298,windows xp,1
3299,test execution,1
3300,test planning,1
3301,team leadership,4
3302,advising clients,1
3303,team problem solving,1
3304,safety culture,1
3305,incident investigation,2
3306,iso 14001,6
3307,nuclear safety,1
3308,corporate health,3
3309,safety management systems,1
3310,ohsas 18001,1
3311,career opportunities,3
3312,executive leadership,3
3313,enterprise communications,1
3314,public speaking,3
3315,media engagement,1
3316,new installation,1
3317,knowledge sharing,1
3318,multiple disciplines,4
3319,solution implementation,1
3320,safety critical software,1
3321,p&c insurance,2
3322,leadership training,1
3323,data access,2
3324,iso standards,1
3325,equipment qualification,1
3326,supplier evaluation,1
3327,actuarial exams,2
3328,secondary research,5
3329,stressful situations,2
3330,implementation plans,1
3331,media strategy,2
3332,entity extraction,2
3333,workforce management,1
3334,purchase orders,2
3335,progress billing,1
3336,business license,1
3337,contractual agreements,1
3338,change orders,3
3339,certificates of insurance,1
3340,industry training,1
3341,construction management,3
3342,geotechnical engineering,1
3343,technical engineering,2
3344,environmental protection,1
3345,health & safety legislation,1
3346,environmental remediation,1
3347,equipment selection,1
3348,heavy equipment,1
3349,construction law,1
3350,microsoft project,1
3351,business center,1
3352,dynamics nav,1
3353,microsoft dynamics nav,1
3354,contaminated sites,1
3355,multi-disciplinary teams,2
3356,project risk,3
3357,digital production,1
3358,video production,1
3359,print media,1
3360,data marts,4
3361,accounting standards,1
3362,offline marketing,1
3363,demand generation,3
3364,organic growth,1
3365,data sharing,1
3366,cross-functional initiatives,1
3367,cross functional relationships,1
3368,microsoft applications,2
3369,budget preparation,3
3370,poster presentations,1
3371,internet explorer,1
3372,consumer behavior,2
3373,image search,2
3374,search engines,2
3375,technical papers,2
3376,technical investigations,1
3377,geographic information systems (gis),1
3378,design techniques,3
3379,business transformation,2
3380,human computer interaction,4
3381,visual communication,4
3382,heuristic evaluation,1
3383,regulated industry,1
3384,technical operations,2
3385,criminal records,1
3386,database integrity,5
3387,mature market,1
3388,linkedin learning,1
3389,organizational charts,1
3390,business workflows,1
3391,mobile application development,2
3392,react native,1
3393,sharepoint online,1
3394,first nations,2
3395,client contact,3
3396,design control,1
3397,personal care,5
3398,crisis intervention,6
3399,developmental disabilities,1
3400,personal support,1
3401,service work,2
3402,youth work,2
3403,administrative skills,2
3404,first aid,3
3405,crisis intervention training,1
3406,operational control,2
3407,crm software,1
3408,customer relationship management (crm),1
3409,digital signatures,1
3410,active directory,7
3411,windows server,8
3412,non-violent crisis intervention,1
3413,talent management,5
3414,media pro,1
3415,media production,1
3416,visual editing,1
3417,virtual collaboration,1
3418,unreal engine,1
3419,rapid prototyping,3
3420,sample management,2
3421,product complaints,1
3422,information risk,5
3423,risk frameworks,2
3424,collaboration solutions,1
3425,enterprise content management,1
3426,product engineering,2
3427,requirement specifications,3
3428,ad optimization,1
3429,product optimization,1
3430,web projects,1
3431,operations processes,3
3432,computer operations,2
3433,mobile data,1
3434,platform integration,2
3435,focus groups,1
3436,hr analytics,1
3437,personal drive,1
3438,mass spec,3
3439,mass spectrometry,3
3440,in vitro,1
3441,in vivo,3
3442,protein characterization,2
3443,regulatory documentation,1
3444,drug discovery,1
3445,protein chemistry,1
3446,hair care,2
3447,product categories,1
3448,manufacturing systems,1
3449,software deployment,1
3450,mobile devices,1
3451,data recovery,2
3452,hard drives,1
3453,windows 10,1
3454,desktop imaging,1
3455,field mapping,1
3456,technical demonstrations,2
3457,level 1 & 2,1
3458,test environments,3
3459,test coverage,1
3460,manual testing,3
3461,application architecture,4
3462,foundation level,1
3463,qlik sense,1
3464,solvency ii,1
3465,team spirit,1
3466,career skills,1
3467,personal touch,1
3468,site identification,1
3469,strategic design,1
3470,data intelligence,1
3471,protocol design,2
3472,site management,1
3473,strategic intelligence,2
3474,digital engagement,1
3475,contingency planning,1
3476,patient recruitment,3
3477,orm tools,1
3478,resource management,5
3479,working at height,1
3480,bed management,2
3481,acute care,2
3482,program development,1
3483,safety meetings,1
3484,system automation,1
3485,ems management,3
3486,systems management,3
3487,technical vision,1
3488,technical discussions,2
3489,research proposals,2
3490,biomedical engineering,1
3491,simulation software,1
3492,harm reduction,5
3493,collaborative networks,1
3494,crisis stabilization,1
3495,grant writing,1
3496,social issues,1
3497,health policy,2
3498,community mental health,1
3499,health assessment,3
3500,mental health assessment,1
3501,information visualization,1
3502,cisco telepresence,5
3503,environmental engineering,3
3504,family law,1
3505,income tax act,1
3506,organizational culture,1
3507,job placements,1
3508,portion control,1
3509,cost control,1
3510,research ethics,3
3511,clinical practices,2
3512,exceptional project management skills,1
3513,clinical care,1
3514,training manuals,2
3515,report development,1
3516,embedded linux,1
3517,entity framework,1
3518,system implementations,2
3519,product support,1
3520,event processing,2
3521,information sharing,2
3522,border management,1
3523,retention programs,1
3524,teradata sql,1
3525,telecommunications marketing,1
3526,exploratory research,1
3527,modeling and simulation,1
3528,user experience design,1
3529,backup and recovery,4
3530,oracle database administration,3
3531,enterprise software,4
3532,data audit,1
3533,media finance,1
3534,query optimization,3
3535,service development,4
3536,standards of practice,1
3537,organ donation,2
3538,donor management,1
3539,critical care,3
3540,high pressure environment,2
3541,electronic forms,1
3542,voice of the customer,2
3543,speech analytics,3
3544,text analytics,2
3545,batch files,1
3546,fun at work,1
3547,unreal editor,1
3548,xbox one,1
3549,management accounting,1
3550,product presentation,1
3551,scientific liaison,3
3552,product demonstration,1
3553,key management,2
3554,loss prevention,1
3555,certificate management,2
3556,policy management,1
3557,common criteria,1
3558,fips 140-2,1
3559,trusted computing,1
3560,mergers & acquisitions,1
3561,kpi dashboards,1
3562,tableau software,1
3563,business perspective,1
3564,business casing,1
3565,growth initiatives,4
3566,b2b marketing,1
3567,drug delivery,2
3568,particle size,1
3569,formulation chemistry,1
3570,compatibility testing,1
3571,medical case management,2
3572,case management services,1
3573,return to work,2
3574,amazon redshift,1
3575,operations improvement,1
3576,custom integration,2
3577,proprietary software,2
3578,flawless execution,1
3579,data transmission,1
3580,internet software,1
3581,patch management,1
3582,new relic,4
3583,tracking solutions,1
3584,cross-functional collaborations,1
3585,business process management,3
3586,new client implementation,1
3587,system setup,1
3588,production readiness,1
3589,infrastructure management,2
3590,critical infrastructure,2
3591,small office,1
3592,interactive experience,1
3593,spring boot,2
3594,physical testing,1
3595,product specialists,1
3596,iso 9001,1
3597,iso/ts 16949,1
3598,hazard recognition,1
3599,behavior based safety,1
3600,industrial hygiene,1
3601,risk systems,1
3602,what-if analysis,1
3603,non-functional requirements,4
3604,free software,2
3605,cash collection,1
3606,business process re-engineering,1
3607,complex systems,3
3608,system specification,2
3609,drug design,1
3610,data representation,1
3611,ubuntu server,1
3612,molecular dynamics,1
3613,scientific programming,2
3614,priority management,1
3615,handle multiple priorities,2
3616,strategic business direction,1
3617,technology leadership,3
3618,service operation,3
3619,hands-on technical,8
3620,hands-on technical leadership,1
3621,version control tools,1
3622,software consulting,1
3623,canadian securities course,1
3624,microsoft products,4
3625,mobile applications,2
3626,cloud development,1
3627,virtual machines,1
3628,molecular genetics,1
3629,financial risk,2
3630,financial results,2
3631,annual planning,1
3632,rational change,1
3633,bonus programs,1
3634,private sales,1
3635,special programs,1
3636,incentive programs,1
3637,it portfolio,1
3638,user scenarios,1
3639,hosted services,1
3640,mac os,1
3641,needs analysis,3
3642,daily operations,1
3643,incident response,2
3644,technical systems,3
3645,server technologies,1
3646,vmware vsphere,1
3647,data sheets,1
3648,natural health,4
3649,natural health products,4
3650,ic packaging,1
3651,stability programs,1
3652,analytical equipment,1
3653,data-driven decision making,1
3654,strategic investment,1
3655,ansi sql,1
3656,development control,1
3657,post campaign analysis,1
3658,campaign performance analysis,1
3659,marketing science,3
3660,email marketing,1
3661,web metrics,1
3662,digital channels,1
3663,shop drawings,2
3664,sales direct,1
3665,product lines,2
3666,construction drawings,1
3667,contract management,3
3668,hl7 standards,1
3669,cash management,1
3670,enterprise development,1
3671,positive work environment,1
3672,building trust,1
3673,software build,3
3674,application servers,1
3675,relational data modeling,1
3676,customer interaction,1
3677,web servers,1
3678,building new business,1
3679,demand planning,4
3680,sports nutrition,1
3681,vision insurance,1
3682,environmental management systems,2
3683,manual development,1
3684,client correspondence,1
3685,group meetings,2
3686,cell biology,2
3687,domain modeling,1
3688,data centers,2
3689,hardware solutions,1
3690,third party applications,1
3691,terminal services,2
3692,functional analysis,1
3693,market share,1
3694,policies & procedures,1
3695,eye tracking,2
3696,domain registration,1
3697,tender submissions,1
3698,award winner,1
3699,ion exchange,1
3700,finding opportunities,1
3701,level iii,1
3702,slide decks,3
3703,product lifecycle management,1
3704,biomarker development,1
3705,functional training,1
3706,pharmaceutical research,1
3707,influence others,1
3708,statistical consulting,1
3709,team development,2
3710,terrorist financing,2
3711,global sales,2
3712,p&l management,2
3713,solution delivery,1
3714,agile leadership,1
3715,technology consulting,2
3716,drive results,1
3717,lotus notes,1
3718,visual design,1
3719,product strategy,2
3720,competitive landscape,2
3721,commercial focus,1
3722,bi publisher,1
3723,operational assessment,1
3724,legal requirements,1
3725,task force,1
3726,risk management plans,1
3727,clinical quality,1
3728,engineering process,1
3729,spring framework,1
3730,online payment,1
3731,record keeping,2
3732,system maintenance,2
3733,following up,3
3734,adobe acrobat,1
3735,individual development,2
3736,product training,2
3737,database scripting,1
3738,ibm db2,2
3739,cdisc standards,2
3740,enterprise integration,3
3741,application infrastructure,3
3742,infrastructure solutions,2
3743,information delivery,3
3744,load balancing,3
3745,network administration,2
3746,application packaging,1
3747,regulatory projects,1
3748,enterprise architecture planning,2
3749,process review,2
3750,apache camel,2
3751,sap lumira,2
3752,online business,1
3753,physical inventory,1
3754,product sampling,1
3755,capital forecasting,1
3756,live action,1
3757,short films,1
3758,video editing,1
3759,custom software,1
3760,health information systems,1
3761,monitoring progress,1
3762,conference logistics,1
3763,public affairs,1
3764,press releases,1
3765,innovation development,1
3766,parallel computing,1
3767,information solutions,2
3768,settlement services,1
3769,security analysis,1
3770,state estimation,2
3771,transient stability,1
3772,control room,1
3773,solution development,1
3774,electricity markets,1
3775,technology commercialization,1
3776,sponsorship marketing,5
3777,client delivery,1
3778,process enhancement,1
3779,software as a service (saas),1
3780,management professional,1
3781,regulatory submissions,3
3782,business travel,1
3783,core banking,1
3784,sprint planning,2
3785,code design,1
3786,ibm mainframe,1
3787,pilot plant,1
3788,product analysis,1
3789,retail audit,1
3790,regulatory approvals,2
3791,sensory evaluation,1
3792,tax credits,1
3793,redundant systems,2
3794,routine maintenance,1
3795,database security,1
3796,database servers,1
3797,bmc control-m,1
3798,digital learning,3
3799,allied health,1
3800,project design,2
3801,electronic medical record (emr),1
3802,procedural documentation,1
3803,case studies,1
3804,success stories,1
3805,process descriptions,1
3806,requirements workshops,2
3807,fortune 100,1
3808,government agencies,1
3809,game theory,1
3810,software projects,1
3811,dynamic programming,1
3812,test scenarios,1
3813,software quality assurance,1
3814,database testing,1
3815,deployment planning,1
3816,sap businessobjects,2
3817,training & development,1
3818,retirement savings,4
3819,cold calling,2
3820,sales skills,1
3821,trusted business partner,1
3822,android development,1
3823,android sdk,1
3824,application security,1
3825,compliance procedures,1
3826,code of ethics,1
3827,cloud security,1
3828,security audits,1
3829,clear vision,1
3830,elder care,1
3831,massage therapy,1
3832,group policy,1
3833,operational activities,1
3834,monitoring services,1
3835,reliability engineering,1
3836,it infrastructure operations,1
3837,server admin,1
3838,network infrastructure,1
3839,lean principles,2
3840,energy storage,2
3841,solar pv,4
3842,risk models,1
3843,storage solutions,1
3844,corrective maintenance,1
3845,power generation,2
3846,central lines,1
3847,medication administration,1
3848,drug accountability,1
3849,educational workshops,1
3850,emergency situations,1
3851,cyber security,1
3852,contractual obligations,1
3853,service improvement,1
3854,service operations,1
3855,fortune 500,1
3856,physical asset management,1
3857,renewable energy,1
3858,mechanical work,1
3859,business process analysis,1
3860,confocal microscopy,1
3861,marketing mix,4
3862,community of practice,1
3863,liberal arts,1
3864,global governance,1
3865,survey design,1
3866,marketing mix modeling,2
3867,big data analytics,1
3868,budget process,1
3869,civil engineering,1
3870,international growth,1
3871,new product ideas,1
3872,product specification,2
3873,travel systems,1
3874,inorganic chemistry,2
3875,enterprise risk management,1
3876,liquidity risk,1
3877,market risk,5
3878,complex transactions,1
3879,client visits,1
3880,lead generation,1
3881,legacy systems,1
3882,articulate storyline,1
3883,infrastructure technologies,1
3884,sales process,1
3885,solution focused,1
3886,platform architecture,1
3887,oncology clinical research,1
3888,patient advocacy,1
3889,product distribution,1
3890,socket programming,1
3891,trading desk,1
3892,query writing,1
3893,log shipping,1
3894,recovery planning,2
3895,behavior analysis,1
3896,treatment planning,1
3897,parent coaching,1
3898,group work,4
3899,software analysis,1
3900,organizational effectiveness,1
3901,road maps,3
3902,security certification,1
3903,system applications,1
3904,data guard,1
3905,ground transportation,1
3906,drafting correspondence,1
3907,booking systems,1
3908,chrome extensions,1
3909,video conferencing,1
3910,difficult situations,1
3911,workplace transformation,1
3912,remote access,1
3913,capacity management,2
3914,city management,2
3915,traffic engineering,1
3916,network technologies,2
3917,light rail,1
3918,electric vehicles,1
3919,logic pro,1
3920,logic programming,1
3921,optimization strategies,1
3922,control theory,1
3923,design optimization,1
3924,reliability test,1
3925,mobile apps,1
3926,raspberry pi,1
3927,desktop operating systems,1
3928,custom objects,1
3929,capacity building,1
3930,grant administration,1
3931,precious metals,1
3932,money market,1
3933,trading floor,1
3934,scopes of work,1
3935,linux server,1
3936,enterprise networking,1
3937,directory services,1
3938,enterprise security,1
3939,academic writing,1
3940,project communications,1
3941,managed services,2
3942,influence without authority,1
3943,parent communication,1
3944,pay for performance,1
3945,erosion control,1
3946,organizational design,1
3947,game design documents,1
3948,free to play,1
3949,mobile games,1
3950,working model,1
3951,crf design,3
3952,rf design,3
3953,user management,1
3954,google tag manager,1
3955,gross margin,1
3956,embedded software,1
3957,quality measures,1
3958,market profile,1
3959,peer relationships,1
3960,collaborative style,1
3961,credit scoring,1
3962,payment cards,1
3963,delivery of projects,1
3964,technical communication,1
3965,extreme programming,2
3966,software development methodologies,1
3967,websphere application server,1
3968,data strategies,1
3969,analyst notebook,1
3970,data-driven marketing,1
3971,development models,1
3972,team environments,1
3973,api development,1
3974,modern languages,1
3975,amazon sqs,1
3976,scientific papers,1
3977,non-functional testing,1
3978,card access,1
3979,coffee shops,1
3980,convenience stores,1
3981,functional configuration,1
3982,hardware development,1
3983,value propositions,1
3984,infrastructure optimization,1
3985,component architecture,1
3986,information modeling,1
3987,service-oriented architecture (soa),1
3988,system monitoring,2
3989,recovery strategies,1
3990,systems engineering,1
3991,requirements traceability,1
3992,traceability matrix,1
3993,modeling languages,1
3994,requirements engineering,2
3995,brand equity,1
3996,roi optimization,1
3997,business savvy,1
3998,software industry,1
3999,reverse engineering,1
4000,housing development,2
4001,savings accounts,1
4002,financial support,1
